{"cameraMode":{"drawMode":0,"name":"Shaded","section":"Shading Mode"},"sceneLighting":true,"audioPlay":false,"sceneViewState":{"showFog":true,"showMaterialUpdate":false,"showSkybox":true,"showFlares":true,"showImageEffects":true,"showParticleSystems":true},"in2DMode":false,"pivot":{"x":135.81407165527345,"y":11.074058532714844,"z":290.52569580078127},"rotation":{"x":-0.03480174392461777,"y":0.011090676300227642,"z":-0.00038606327143497765,"w":-0.9993326663970947},"size":5.445437431335449,"orthographic":false}