{"cameraMode":{"drawMode":0,"name":"Shaded","section":"Shading Mode"},"sceneLighting":true,"audioPlay":false,"sceneViewState":{"showFog":true,"showMaterialUpdate":false,"showSkybox":true,"showFlares":true,"showImageEffects":true,"showParticleSystems":true},"in2DMode":false,"pivot":{"x":182.36219787597657,"y":-81.30746459960938,"z":219.80816650390626},"rotation":{"x":-0.02456260472536087,"y":0.9539636373519898,"z":-0.2875968813896179,"w":-0.0814744308590889},"size":321.4896545410156,"orthographic":false}