{"cameraMode":{"drawMode":0,"name":"Shaded","section":"Shading Mode"},"sceneLighting":true,"audioPlay":false,"sceneViewState":{"showFog":true,"showMaterialUpdate":false,"showSkybox":true,"showFlares":true,"showImageEffects":true,"showParticleSystems":true},"in2DMode":false,"pivot":{"x":166.8000030517578,"y":42.70000076293945,"z":442.6000061035156},"rotation":{"x":-0.06625805050134659,"y":0.009575962089002133,"z":-0.00063593644881621,"w":-0.9977564215660095},"size":28.578840255737306,"orthographic":false}